{"boost_from_average": false, "colsample_bytree": 0.8416823900730548, "device_type": ["gpu"], "is_training_metric": true, "learning_rate": 0.003060613134982612, "max_bin": 235, "max_depth": 37, "metric": "mape", "min_child_samples": 22, "min_child_weight": 4.070635596469789, "min_split_gain": 0.02363360120478409, "n_jobs": -1, "num_iterations": 30000, "num_leaves": 32, "objective": "regression", "reg_alpha": 0.8802639789876369, "reg_lambda": 0.6577255599613226, "subsample": 0.9399940132773753, "subsample_freq": 7, "verbose": -1}