iter	MAPE	RMSE
0	0.04788090078	0.9638133182
1	0.0468075198	0.9444129155
